-- ============================================================
-- 03-seed-data.sql
-- Proyecto: MBM - Multi-Tenant Booking Manager
-- Contenido: datos de prueba (50 registros por tabla, 15 tablas)
-- GENERADO por scripts/gen-seed.py -- NO editar a mano.
--   Regenerar:  python3 scripts/gen-seed.py
--   Verificar:  python3 scripts/gen-seed.py --check
-- Requiere base recien creada (01 y 02): los IDs IDENTITY
-- inician en 1 y las FKs se emiten como literales 1..50.
-- ============================================================

USE mbm_booking;
GO

SET NOCOUNT ON;
GO

INSERT INTO tipos_negocios (nombre, descripcion, activo) VALUES
    (N'Barbería', N'Corte y arreglo personal', 1),
    (N'Salón de belleza', N'Servicios de estilismo y belleza', 1),
    (N'Spa', N'Tratamientos de relajación y bienestar', 1),
    (N'Veterinaria', N'Servicios de salud para mascotas', 1),
    (N'Clínica', N'Atención médica general', 1),
    (N'Consultorio', N'Atención médica especializada', 1),
    (N'Centro estético', N'Tratamientos estéticos', 1),
    (N'Odontología', N'Servicios dentales', 1),
    (N'Gimnasio', N'Acondicionamiento físico', 1),
    (N'Terapias', N'Terapias alternativas', 1),
    (N'Fisioterapia', N'Rehabilitación física', 1),
    (N'Nutrición', N'Consulta nutricional', 1),
    (N'Psicología', N'Salud mental y terapia', 1),
    (N'Quiropráctica', N'Ajustes y terapia de columna', 1),
    (N'Podología', N'Cuidado de los pies', 1),
    (N'Optometría', N'Examen de la vista', 1),
    (N'Dermatología', N'Cuidado de la piel', 1),
    (N'Peluquería canina', N'Estética para mascotas', 1),
    (N'Estudio de tatuajes', N'Tatuajes y arte corporal', 1),
    (N'Estudio de piercing', N'Perforaciones corporales', 1),
    (N'Fotografía', N'Sesiones fotográficas', 1),
    (N'Escuela de música', N'Clases de instrumentos musicales', 1),
    (N'Academia de baile', N'Clases de baile', 1),
    (N'Tutorías académicas', N'Apoyo escolar personalizado', 1),
    (N'Escuela de idiomas', N'Clases de idiomas', 1),
    (N'Autolavado', N'Lavado y detallado de vehículos', 1),
    (N'Taller mecánico', N'Mantenimiento de vehículos', 1),
    (N'Cerrajería', N'Servicios de cerrajería', 1),
    (N'Estudio de yoga', N'Clases de yoga', 1),
    (N'Estudio de pilates', N'Clases de pilates', 1),
    (N'Entrenamiento personal', N'Entrenamiento uno a uno', 1),
    (N'Masoterapia', N'Masajes terapéuticos', 1),
    (N'Acupuntura', N'Medicina tradicional china', 1),
    (N'Medicina general', N'Consulta médica familiar', 1),
    (N'Pediatría', N'Atención médica infantil', 1),
    (N'Ginecología', N'Salud femenina', 1),
    (N'Oftalmología', N'Salud ocular', 1),
    (N'Audiología', N'Salud auditiva', 1),
    (N'Laboratorio clínico', N'Exámenes de laboratorio', 1),
    (N'Radiología', N'Imágenes médicas', 1),
    (N'Sala de eventos', N'Alquiler de espacios para eventos', 1),
    (N'Catering', N'Servicios de alimentación', 1),
    (N'Floristería', N'Arreglos florales', 1),
    (N'Repostería', N'Pasteles y postres por encargo', 1),
    (N'Sastrería', N'Confección y arreglos de ropa', 1),
    (N'Zapatería', N'Reparación de calzado', 1),
    (N'Lavandería', N'Lavado y planchado', 1),
    (N'Limpieza de hogar', N'Servicios de limpieza residencial', 1),
    (N'Jardinería', N'Mantenimiento de jardines', 1),
    (N'Consultoría legal', N'Asesoría jurídica', 1);
PRINT '[03-seed-data] tabla tipos_negocios ... OK';
GO

INSERT INTO estados_dominios (nombre, descripcion) VALUES
    (N'pendiente', N'Pendiente de aprobación'),
    (N'activo', N'Activo y operando'),
    (N'suspendido', N'Suspendido por administrador'),
    (N'inactivo', N'Inactivo o dado de baja'),
    (N'estado_demo_05', N'Estado de dominio de prueba 5 (relleno para R4)'),
    (N'estado_demo_06', N'Estado de dominio de prueba 6 (relleno para R4)'),
    (N'estado_demo_07', N'Estado de dominio de prueba 7 (relleno para R4)'),
    (N'estado_demo_08', N'Estado de dominio de prueba 8 (relleno para R4)'),
    (N'estado_demo_09', N'Estado de dominio de prueba 9 (relleno para R4)'),
    (N'estado_demo_10', N'Estado de dominio de prueba 10 (relleno para R4)'),
    (N'estado_demo_11', N'Estado de dominio de prueba 11 (relleno para R4)'),
    (N'estado_demo_12', N'Estado de dominio de prueba 12 (relleno para R4)'),
    (N'estado_demo_13', N'Estado de dominio de prueba 13 (relleno para R4)'),
    (N'estado_demo_14', N'Estado de dominio de prueba 14 (relleno para R4)'),
    (N'estado_demo_15', N'Estado de dominio de prueba 15 (relleno para R4)'),
    (N'estado_demo_16', N'Estado de dominio de prueba 16 (relleno para R4)'),
    (N'estado_demo_17', N'Estado de dominio de prueba 17 (relleno para R4)'),
    (N'estado_demo_18', N'Estado de dominio de prueba 18 (relleno para R4)'),
    (N'estado_demo_19', N'Estado de dominio de prueba 19 (relleno para R4)'),
    (N'estado_demo_20', N'Estado de dominio de prueba 20 (relleno para R4)'),
    (N'estado_demo_21', N'Estado de dominio de prueba 21 (relleno para R4)'),
    (N'estado_demo_22', N'Estado de dominio de prueba 22 (relleno para R4)'),
    (N'estado_demo_23', N'Estado de dominio de prueba 23 (relleno para R4)'),
    (N'estado_demo_24', N'Estado de dominio de prueba 24 (relleno para R4)'),
    (N'estado_demo_25', N'Estado de dominio de prueba 25 (relleno para R4)'),
    (N'estado_demo_26', N'Estado de dominio de prueba 26 (relleno para R4)'),
    (N'estado_demo_27', N'Estado de dominio de prueba 27 (relleno para R4)'),
    (N'estado_demo_28', N'Estado de dominio de prueba 28 (relleno para R4)'),
    (N'estado_demo_29', N'Estado de dominio de prueba 29 (relleno para R4)'),
    (N'estado_demo_30', N'Estado de dominio de prueba 30 (relleno para R4)'),
    (N'estado_demo_31', N'Estado de dominio de prueba 31 (relleno para R4)'),
    (N'estado_demo_32', N'Estado de dominio de prueba 32 (relleno para R4)'),
    (N'estado_demo_33', N'Estado de dominio de prueba 33 (relleno para R4)'),
    (N'estado_demo_34', N'Estado de dominio de prueba 34 (relleno para R4)'),
    (N'estado_demo_35', N'Estado de dominio de prueba 35 (relleno para R4)'),
    (N'estado_demo_36', N'Estado de dominio de prueba 36 (relleno para R4)'),
    (N'estado_demo_37', N'Estado de dominio de prueba 37 (relleno para R4)'),
    (N'estado_demo_38', N'Estado de dominio de prueba 38 (relleno para R4)'),
    (N'estado_demo_39', N'Estado de dominio de prueba 39 (relleno para R4)'),
    (N'estado_demo_40', N'Estado de dominio de prueba 40 (relleno para R4)'),
    (N'estado_demo_41', N'Estado de dominio de prueba 41 (relleno para R4)'),
    (N'estado_demo_42', N'Estado de dominio de prueba 42 (relleno para R4)'),
    (N'estado_demo_43', N'Estado de dominio de prueba 43 (relleno para R4)'),
    (N'estado_demo_44', N'Estado de dominio de prueba 44 (relleno para R4)'),
    (N'estado_demo_45', N'Estado de dominio de prueba 45 (relleno para R4)'),
    (N'estado_demo_46', N'Estado de dominio de prueba 46 (relleno para R4)'),
    (N'estado_demo_47', N'Estado de dominio de prueba 47 (relleno para R4)'),
    (N'estado_demo_48', N'Estado de dominio de prueba 48 (relleno para R4)'),
    (N'estado_demo_49', N'Estado de dominio de prueba 49 (relleno para R4)'),
    (N'estado_demo_50', N'Estado de dominio de prueba 50 (relleno para R4)');
PRINT '[03-seed-data] tabla estados_dominios ... OK';
GO

INSERT INTO estados_reservaciones (nombre, descripcion) VALUES
    (N'pendiente', N'Reserva pendiente de confirmación'),
    (N'confirmada', N'Reserva confirmada'),
    (N'cancelada', N'Reserva cancelada'),
    (N'completada', N'Reserva completada'),
    (N'reagendada', N'Reserva reagendada'),
    (N'estado_reserva_demo_06', N'Estado de reservación de prueba 6 (relleno para R4)'),
    (N'estado_reserva_demo_07', N'Estado de reservación de prueba 7 (relleno para R4)'),
    (N'estado_reserva_demo_08', N'Estado de reservación de prueba 8 (relleno para R4)'),
    (N'estado_reserva_demo_09', N'Estado de reservación de prueba 9 (relleno para R4)'),
    (N'estado_reserva_demo_10', N'Estado de reservación de prueba 10 (relleno para R4)'),
    (N'estado_reserva_demo_11', N'Estado de reservación de prueba 11 (relleno para R4)'),
    (N'estado_reserva_demo_12', N'Estado de reservación de prueba 12 (relleno para R4)'),
    (N'estado_reserva_demo_13', N'Estado de reservación de prueba 13 (relleno para R4)'),
    (N'estado_reserva_demo_14', N'Estado de reservación de prueba 14 (relleno para R4)'),
    (N'estado_reserva_demo_15', N'Estado de reservación de prueba 15 (relleno para R4)'),
    (N'estado_reserva_demo_16', N'Estado de reservación de prueba 16 (relleno para R4)'),
    (N'estado_reserva_demo_17', N'Estado de reservación de prueba 17 (relleno para R4)'),
    (N'estado_reserva_demo_18', N'Estado de reservación de prueba 18 (relleno para R4)'),
    (N'estado_reserva_demo_19', N'Estado de reservación de prueba 19 (relleno para R4)'),
    (N'estado_reserva_demo_20', N'Estado de reservación de prueba 20 (relleno para R4)'),
    (N'estado_reserva_demo_21', N'Estado de reservación de prueba 21 (relleno para R4)'),
    (N'estado_reserva_demo_22', N'Estado de reservación de prueba 22 (relleno para R4)'),
    (N'estado_reserva_demo_23', N'Estado de reservación de prueba 23 (relleno para R4)'),
    (N'estado_reserva_demo_24', N'Estado de reservación de prueba 24 (relleno para R4)'),
    (N'estado_reserva_demo_25', N'Estado de reservación de prueba 25 (relleno para R4)'),
    (N'estado_reserva_demo_26', N'Estado de reservación de prueba 26 (relleno para R4)'),
    (N'estado_reserva_demo_27', N'Estado de reservación de prueba 27 (relleno para R4)'),
    (N'estado_reserva_demo_28', N'Estado de reservación de prueba 28 (relleno para R4)'),
    (N'estado_reserva_demo_29', N'Estado de reservación de prueba 29 (relleno para R4)'),
    (N'estado_reserva_demo_30', N'Estado de reservación de prueba 30 (relleno para R4)'),
    (N'estado_reserva_demo_31', N'Estado de reservación de prueba 31 (relleno para R4)'),
    (N'estado_reserva_demo_32', N'Estado de reservación de prueba 32 (relleno para R4)'),
    (N'estado_reserva_demo_33', N'Estado de reservación de prueba 33 (relleno para R4)'),
    (N'estado_reserva_demo_34', N'Estado de reservación de prueba 34 (relleno para R4)'),
    (N'estado_reserva_demo_35', N'Estado de reservación de prueba 35 (relleno para R4)'),
    (N'estado_reserva_demo_36', N'Estado de reservación de prueba 36 (relleno para R4)'),
    (N'estado_reserva_demo_37', N'Estado de reservación de prueba 37 (relleno para R4)'),
    (N'estado_reserva_demo_38', N'Estado de reservación de prueba 38 (relleno para R4)'),
    (N'estado_reserva_demo_39', N'Estado de reservación de prueba 39 (relleno para R4)'),
    (N'estado_reserva_demo_40', N'Estado de reservación de prueba 40 (relleno para R4)'),
    (N'estado_reserva_demo_41', N'Estado de reservación de prueba 41 (relleno para R4)'),
    (N'estado_reserva_demo_42', N'Estado de reservación de prueba 42 (relleno para R4)'),
    (N'estado_reserva_demo_43', N'Estado de reservación de prueba 43 (relleno para R4)'),
    (N'estado_reserva_demo_44', N'Estado de reservación de prueba 44 (relleno para R4)'),
    (N'estado_reserva_demo_45', N'Estado de reservación de prueba 45 (relleno para R4)'),
    (N'estado_reserva_demo_46', N'Estado de reservación de prueba 46 (relleno para R4)'),
    (N'estado_reserva_demo_47', N'Estado de reservación de prueba 47 (relleno para R4)'),
    (N'estado_reserva_demo_48', N'Estado de reservación de prueba 48 (relleno para R4)'),
    (N'estado_reserva_demo_49', N'Estado de reservación de prueba 49 (relleno para R4)'),
    (N'estado_reserva_demo_50', N'Estado de reservación de prueba 50 (relleno para R4)');
PRINT '[03-seed-data] tabla estados_reservaciones ... OK';
GO

INSERT INTO superadmins (nombre, apellido_1, apellido_2, correo, contrasena_encriptada, activo) VALUES
    (N'Melanie Yeonsuk', N'Campos', N'Arias', N'melanie.campos@mbm.admin', N'$2b$12$HNf7oIJgipKcyCIEJLR1POaKhc46Oh//2IJ7eNtn/Mu5wvNC98qFe', 1),
    (N'Isaac', N'Chavez', N'Zumbado', N'isaac.chavez@mbm.admin', N'$2b$12$HNf7oIJgipKcyCIEJLR1POaKhc46Oh//2IJ7eNtn/Mu5wvNC98qFe', 1),
    (N'Luna', N'Delgado', N'Durango', N'luna.delgado@mbm.admin', N'$2b$12$HNf7oIJgipKcyCIEJLR1POaKhc46Oh//2IJ7eNtn/Mu5wvNC98qFe', 1),
    (N'Handel Simón', N'Enriquez', N'Acuña', N'handel.enriquez@mbm.admin', N'$2b$12$HNf7oIJgipKcyCIEJLR1POaKhc46Oh//2IJ7eNtn/Mu5wvNC98qFe', 1),
    (N'Jeferson Andrew', N'Fuentes', N'García', N'jeferson.fuentes@mbm.admin', N'$2b$12$HNf7oIJgipKcyCIEJLR1POaKhc46Oh//2IJ7eNtn/Mu5wvNC98qFe', 1),
    (N'Adrián', N'Mora', N'Jiménez', N'superadmin06@mbm.local', N'$2b$12$HNf7oIJgipKcyCIEJLR1POaKhc46Oh//2IJ7eNtn/Mu5wvNC98qFe', 1),
    (N'Beatriz', N'Vargas', N'Hernández', N'superadmin07@mbm.local', N'$2b$12$HNf7oIJgipKcyCIEJLR1POaKhc46Oh//2IJ7eNtn/Mu5wvNC98qFe', 1),
    (N'Cristopher', N'Solano', N'Picado', N'superadmin08@mbm.local', N'$2b$12$HNf7oIJgipKcyCIEJLR1POaKhc46Oh//2IJ7eNtn/Mu5wvNC98qFe', 1),
    (N'Diana', N'Brenes', N'Salas', N'superadmin09@mbm.local', N'$2b$12$HNf7oIJgipKcyCIEJLR1POaKhc46Oh//2IJ7eNtn/Mu5wvNC98qFe', 1),
    (N'Ernesto', N'Alfaro', N'Monge', N'superadmin10@mbm.local', N'$2b$12$HNf7oIJgipKcyCIEJLR1POaKhc46Oh//2IJ7eNtn/Mu5wvNC98qFe', 1),
    (N'Flor', N'Villalobos', N'Esquivel', N'superadmin11@mbm.local', N'$2b$12$HNf7oIJgipKcyCIEJLR1POaKhc46Oh//2IJ7eNtn/Mu5wvNC98qFe', 1),
    (N'Gerardo', N'Sánchez', N'Cascante', N'superadmin12@mbm.local', N'$2b$12$HNf7oIJgipKcyCIEJLR1POaKhc46Oh//2IJ7eNtn/Mu5wvNC98qFe', 1),
    (N'Hannia', N'Castro', NULL, N'superadmin13@mbm.local', N'$2b$12$HNf7oIJgipKcyCIEJLR1POaKhc46Oh//2IJ7eNtn/Mu5wvNC98qFe', 1),
    (N'Iván', N'Rojas', N'Jiménez', N'superadmin14@mbm.local', N'$2b$12$HNf7oIJgipKcyCIEJLR1POaKhc46Oh//2IJ7eNtn/Mu5wvNC98qFe', 1),
    (N'Julieta', N'Mora', N'Hernández', N'superadmin15@mbm.local', N'$2b$12$HNf7oIJgipKcyCIEJLR1POaKhc46Oh//2IJ7eNtn/Mu5wvNC98qFe', 1),
    (N'Keylor', N'Vargas', N'Picado', N'superadmin16@mbm.local', N'$2b$12$HNf7oIJgipKcyCIEJLR1POaKhc46Oh//2IJ7eNtn/Mu5wvNC98qFe', 1),
    (N'Lorena', N'Solano', N'Salas', N'superadmin17@mbm.local', N'$2b$12$HNf7oIJgipKcyCIEJLR1POaKhc46Oh//2IJ7eNtn/Mu5wvNC98qFe', 1),
    (N'Marco', N'Brenes', N'Monge', N'superadmin18@mbm.local', N'$2b$12$HNf7oIJgipKcyCIEJLR1POaKhc46Oh//2IJ7eNtn/Mu5wvNC98qFe', 1),
    (N'Natalia', N'Alfaro', N'Esquivel', N'superadmin19@mbm.local', N'$2b$12$HNf7oIJgipKcyCIEJLR1POaKhc46Oh//2IJ7eNtn/Mu5wvNC98qFe', 1),
    (N'Octavio', N'Villalobos', N'Cascante', N'superadmin20@mbm.local', N'$2b$12$HNf7oIJgipKcyCIEJLR1POaKhc46Oh//2IJ7eNtn/Mu5wvNC98qFe', 1),
    (N'Adrián', N'Sánchez', NULL, N'superadmin21@mbm.local', N'$2b$12$HNf7oIJgipKcyCIEJLR1POaKhc46Oh//2IJ7eNtn/Mu5wvNC98qFe', 1),
    (N'Beatriz', N'Castro', N'Jiménez', N'superadmin22@mbm.local', N'$2b$12$HNf7oIJgipKcyCIEJLR1POaKhc46Oh//2IJ7eNtn/Mu5wvNC98qFe', 1),
    (N'Cristopher', N'Rojas', N'Hernández', N'superadmin23@mbm.local', N'$2b$12$HNf7oIJgipKcyCIEJLR1POaKhc46Oh//2IJ7eNtn/Mu5wvNC98qFe', 1),
    (N'Diana', N'Mora', N'Picado', N'superadmin24@mbm.local', N'$2b$12$HNf7oIJgipKcyCIEJLR1POaKhc46Oh//2IJ7eNtn/Mu5wvNC98qFe', 1),
    (N'Ernesto', N'Vargas', N'Salas', N'superadmin25@mbm.local', N'$2b$12$HNf7oIJgipKcyCIEJLR1POaKhc46Oh//2IJ7eNtn/Mu5wvNC98qFe', 1),
    (N'Flor', N'Solano', N'Monge', N'superadmin26@mbm.local', N'$2b$12$HNf7oIJgipKcyCIEJLR1POaKhc46Oh//2IJ7eNtn/Mu5wvNC98qFe', 1),
    (N'Gerardo', N'Brenes', N'Esquivel', N'superadmin27@mbm.local', N'$2b$12$HNf7oIJgipKcyCIEJLR1POaKhc46Oh//2IJ7eNtn/Mu5wvNC98qFe', 1),
    (N'Hannia', N'Alfaro', N'Cascante', N'superadmin28@mbm.local', N'$2b$12$HNf7oIJgipKcyCIEJLR1POaKhc46Oh//2IJ7eNtn/Mu5wvNC98qFe', 1),
    (N'Iván', N'Villalobos', NULL, N'superadmin29@mbm.local', N'$2b$12$HNf7oIJgipKcyCIEJLR1POaKhc46Oh//2IJ7eNtn/Mu5wvNC98qFe', 1),
    (N'Julieta', N'Sánchez', N'Jiménez', N'superadmin30@mbm.local', N'$2b$12$HNf7oIJgipKcyCIEJLR1POaKhc46Oh//2IJ7eNtn/Mu5wvNC98qFe', 1),
    (N'Keylor', N'Castro', N'Hernández', N'superadmin31@mbm.local', N'$2b$12$HNf7oIJgipKcyCIEJLR1POaKhc46Oh//2IJ7eNtn/Mu5wvNC98qFe', 1),
    (N'Lorena', N'Rojas', N'Picado', N'superadmin32@mbm.local', N'$2b$12$HNf7oIJgipKcyCIEJLR1POaKhc46Oh//2IJ7eNtn/Mu5wvNC98qFe', 1),
    (N'Marco', N'Mora', N'Salas', N'superadmin33@mbm.local', N'$2b$12$HNf7oIJgipKcyCIEJLR1POaKhc46Oh//2IJ7eNtn/Mu5wvNC98qFe', 1),
    (N'Natalia', N'Vargas', N'Monge', N'superadmin34@mbm.local', N'$2b$12$HNf7oIJgipKcyCIEJLR1POaKhc46Oh//2IJ7eNtn/Mu5wvNC98qFe', 1),
    (N'Octavio', N'Solano', N'Esquivel', N'superadmin35@mbm.local', N'$2b$12$HNf7oIJgipKcyCIEJLR1POaKhc46Oh//2IJ7eNtn/Mu5wvNC98qFe', 1),
    (N'Adrián', N'Brenes', N'Cascante', N'superadmin36@mbm.local', N'$2b$12$HNf7oIJgipKcyCIEJLR1POaKhc46Oh//2IJ7eNtn/Mu5wvNC98qFe', 1),
    (N'Beatriz', N'Alfaro', NULL, N'superadmin37@mbm.local', N'$2b$12$HNf7oIJgipKcyCIEJLR1POaKhc46Oh//2IJ7eNtn/Mu5wvNC98qFe', 1),
    (N'Cristopher', N'Villalobos', N'Jiménez', N'superadmin38@mbm.local', N'$2b$12$HNf7oIJgipKcyCIEJLR1POaKhc46Oh//2IJ7eNtn/Mu5wvNC98qFe', 1),
    (N'Diana', N'Sánchez', N'Hernández', N'superadmin39@mbm.local', N'$2b$12$HNf7oIJgipKcyCIEJLR1POaKhc46Oh//2IJ7eNtn/Mu5wvNC98qFe', 1),
    (N'Ernesto', N'Castro', N'Picado', N'superadmin40@mbm.local', N'$2b$12$HNf7oIJgipKcyCIEJLR1POaKhc46Oh//2IJ7eNtn/Mu5wvNC98qFe', 1),
    (N'Flor', N'Rojas', N'Salas', N'superadmin41@mbm.local', N'$2b$12$HNf7oIJgipKcyCIEJLR1POaKhc46Oh//2IJ7eNtn/Mu5wvNC98qFe', 1),
    (N'Gerardo', N'Mora', N'Monge', N'superadmin42@mbm.local', N'$2b$12$HNf7oIJgipKcyCIEJLR1POaKhc46Oh//2IJ7eNtn/Mu5wvNC98qFe', 1),
    (N'Hannia', N'Vargas', N'Esquivel', N'superadmin43@mbm.local', N'$2b$12$HNf7oIJgipKcyCIEJLR1POaKhc46Oh//2IJ7eNtn/Mu5wvNC98qFe', 1),
    (N'Iván', N'Solano', N'Cascante', N'superadmin44@mbm.local', N'$2b$12$HNf7oIJgipKcyCIEJLR1POaKhc46Oh//2IJ7eNtn/Mu5wvNC98qFe', 1),
    (N'Julieta', N'Brenes', NULL, N'superadmin45@mbm.local', N'$2b$12$HNf7oIJgipKcyCIEJLR1POaKhc46Oh//2IJ7eNtn/Mu5wvNC98qFe', 1),
    (N'Keylor', N'Alfaro', N'Jiménez', N'superadmin46@mbm.local', N'$2b$12$HNf7oIJgipKcyCIEJLR1POaKhc46Oh//2IJ7eNtn/Mu5wvNC98qFe', 1),
    (N'Lorena', N'Villalobos', N'Hernández', N'superadmin47@mbm.local', N'$2b$12$HNf7oIJgipKcyCIEJLR1POaKhc46Oh//2IJ7eNtn/Mu5wvNC98qFe', 1),
    (N'Marco', N'Sánchez', N'Picado', N'superadmin48@mbm.local', N'$2b$12$HNf7oIJgipKcyCIEJLR1POaKhc46Oh//2IJ7eNtn/Mu5wvNC98qFe', 1),
    (N'Natalia', N'Castro', N'Salas', N'superadmin49@mbm.local', N'$2b$12$HNf7oIJgipKcyCIEJLR1POaKhc46Oh//2IJ7eNtn/Mu5wvNC98qFe', 1),
    (N'Octavio', N'Rojas', N'Monge', N'superadmin50@mbm.local', N'$2b$12$HNf7oIJgipKcyCIEJLR1POaKhc46Oh//2IJ7eNtn/Mu5wvNC98qFe', 1);
PRINT '[03-seed-data] tabla superadmins ... OK';
GO

INSERT INTO dominios (tipo_negocio_id, dominio_estado_id, nombre, slug, correo, telefono, descripcion, logo_url, mensaje_publico, activo) VALUES
    (1, 2, N'Barbería El Colocho', N'barberia-el-colocho', N'info@colochocr.com', N'2278-1001', N'Barbería clásica en San Pedro', NULL, N'Pura vida! Agendá tu cita sin filas.', 1),
    (2, 2, N'Salón Elegance', N'salon-elegance', N'contacto@elegancecr.com', N'2278-1002', N'Salón de belleza en Escazú', NULL, N'Tu estilo, nuestra pasión.', 1),
    (3, 2, N'Spa La Garita', N'spa-la-garita', N'reservas@lagarita.com', N'2278-1003', N'Spa y masajes en Santa Ana', NULL, N'Relajate con nosotros, mae.', 1),
    (4, 2, N'Veterinaria San Jorge', N'vet-san-jorge', N'citas@sanveterinaria.com', N'2278-1004', N'Veterinaria en Moravia', NULL, N'Cuidamos a su mascota como propia.', 1),
    (5, 2, N'Clínica Santa Catalina', N'clinica-santa-catalina', N'info@santacatalina.com', N'2278-1005', N'Clínica médica en Desamparados', NULL, N'Salud para toda la familia.', 1),
    (6, 2, N'Consultorio Dra. Solís', N'dra-solis', N'citas@drasolis.com', N'2278-1006', N'Odontología general en Rohrmoser', NULL, N'Tu sonrisa es nuestra prioridad.', 1),
    (7, 2, N'Centro Estético Glow', N'centro-glow', N'hola@centroglow.com', N'2278-1007', N'Estética avanzada en Curridabat', NULL, N'Descubrí tu mejor versión.', 1),
    (8, 2, N'Odontoclínica del Valle', N'odontoclinica-valle', N'citas@odvcr.com', N'2278-1008', N'Clínica dental en Alajuela', NULL, N'Tu salud bucal nos importa.', 1),
    (9, 2, N'Fit Gym Centro', N'fit-gym', N'info@fitgymcr.com', N'2278-1009', N'Gimnasio en Heredia', NULL, N'Transformá tu cuerpo.', 1),
    (10, 2, N'Terapias Holísticas CR', N'terapias-holisticas', N'contacto@terapiascr.com', N'2278-1010', N'Terapias alternativas en Cartago', NULL, N'Equilibrio para cuerpo y mente.', 1),
    (1, 2, N'Barbería Don Chepe', N'barberia-don-chepe', N'chepe@donchepecr.com', N'2278-1011', N'Barbería tradicional en Guadalupe', NULL, N'Donde los ticos se arreglan.', 1),
    (2, 2, N'Salón Divino', N'salon-divino', N'info@salandivino.com', N'2278-1012', N'Salón y estética en San José', NULL, N'Belleza con corazón tico.', 1),
    (3, 2, N'Spa Pura Vida', N'spa-pura-vida', N'reservas@puracr.com', N'2278-1013', N'Spa con hidroterapia en Barrio Escalante', NULL, N'Desconectate del estrés.', 1),
    (4, 2, N'Veterinaria Huellitas', N'vet-huellitas', N'contacto@huellitascr.com', N'2278-1014', N'Veterinaria en Tibás', NULL, N'Tu mascota merece lo mejor.', 1),
    (1, 2, N'Barbería King', N'barberia-king', N'king@barberiaking.com', N'2278-1015', N'Barbería moderna en Hatillo', NULL, N'Estilo tico con actitud.', 1),
    (2, 2, N'Salón Santa Ana', N'salon-santa-ana', N'info@santaanabeauty.com', N'2278-1016', N'Salón de belleza en Santa Ana', NULL, N'Embellecé tu día.', 1),
    (5, 2, N'Clínica Médica Central', N'clinica-medica-central', N'info@cmcentral.com', N'2278-1017', N'Clínica en el centro de San José', NULL, N'Atención médica de confianza.', 1),
    (6, 2, N'Psicología Integral', N'psicologia-integral', N'citas@psiintegral.com', N'2278-1018', N'Consulta psicológica en Rohrmoser', NULL, N'Tu salud mental es primero.', 1),
    (9, 2, N'CrossFit Pérez Zeledón', N'crossfit-perez', N'info@crossfitpz.com', N'2278-1019', N'CrossFit y funcional en Pérez Zeledón', NULL, N'Superá tus límites.', 1),
    (3, 2, N'Spa La Sabana', N'spa-la-sabana', N'hola@lasabanacr.com', N'2278-1020', N'Spa frente al Parque Metropolitano', NULL, N'Tu oasis en la ciudad.', 1),
    (1, 2, N'Barbería El Rubio', N'barberia-el-rubio', N'rubio@barberiacr.com', N'2278-1021', N'Barbería en Zapote', NULL, N'Corte y afeitado de primera.', 1),
    (2, 2, N'Salón Mary', N'salon-mary', N'mary@salanmary.com', N'2278-1022', N'Salón de belleza en Tibás', NULL, N'Tu lugar de confianza.', 1),
    (3, 2, N'Spa Montaña Azul', N'spa-montana-azul', N'info@spamontana.com', N'2278-1023', N'Spa en las montañas de Heredia', NULL, N'Un respiro natural.', 1),
    (7, 2, N'Estética Karina', N'estetica-karina', N'karina@estetikcr.com', N'2278-1024', N'Centro de estética en Curridabat', NULL, N'Destacá tu belleza natural.', 1),
    (1, 2, N'Barbería Los Amigos', N'barberia-amigos', N'amigos@barberiacr.com', N'2278-1025', N'Barbería en San Francisco de Dos Ríos', NULL, N'Llegue, está en su casa.', 1),
    (8, 2, N'Clínica Dental San José', N'dental-san-jose', N'citas@dentalcr.com', N'2278-1026', N'Odontología en Sabana Sur', NULL, N'Tu sonrisa saludable.', 1),
    (3, 2, N'Centro de Masajes Zen', N'masajes-zen', N'info@zentralcr.com', N'2278-1027', N'Masajes y terapias en Barrio Amón', NULL, N'Encontrá tu zen interior.', 1),
    (4, 2, N'Peluquería Canina CR', N'pelu-canina-cr', N'hola@pelucanina.com', N'2278-1028', N'Estética canina en Moravia', NULL, N'Tu mascota bien cuidada.', 1),
    (9, 2, N'Gimnasio BodyFit', N'gym-bodyfit', N'info@bodyfitcr.com', N'2278-1029', N'Gimnasio en San Pedro', NULL, N'Transformate con nosotros.', 1),
    (10, 2, N'Nutrición Vida', N'nutricion-vida', N'citas@nutriovidacr.com', N'2278-1030', N'Consultorio nutricional en Heredia', NULL, N'Comé rico, viví mejor.', 1),
    (1, 2, N'Barbería El Peluquero', N'barberia-peluquero', N'peluquero@crbarber.com', N'2278-1031', N'Barbería en Alajuela centro', NULL, N'Estilo clásico y moderno.', 1),
    (2, 2, N'Uñas Perfectas', N'unas-perfectas', N'info@unasperfectas.com', N'2278-1032', N'Salón de uñas en Escazú', NULL, N'Tus manos hablan por vos.', 1),
    (3, 2, N'Spa Tropical', N'spa-tropical', N'reservas@tropicalcr.com', N'2278-1033', N'Spa en Guanacaste', NULL, N'Relajación con vista al mar.', 1),
    (4, 2, N'Veterinaria Mascotas Felices', N'vet-mascotas-felices', N'contacto@mascotascr.com', N'2278-1034', N'Veterinaria en Alajuela', NULL, N'Un hogar para tu mascota.', 1),
    (1, 2, N'Barbería Estilo', N'barberia-estilo', N'estilo@barberiacr.com', N'2278-1035', N'Barbería en Santo Domingo de Heredia', NULL, N'Corte de calidad, precio justo.', 1),
    (10, 2, N'Centro de Acupuntura', N'acupuntura-cr', N'citas@acupecr.com', N'2278-1036', N'Acupuntura y medicina china', NULL, N'Equilibrio natural.', 1),
    (4, 2, N'Veterinaria del Sur', N'vet-del-sur', N'info@vetsurcr.com', N'2278-1037', N'Veterinaria en Pérez Zeledón', NULL, N'Cuidado integral para mascotas.', 1),
    (2, 2, N'Salón Glamour', N'salon-glamour', N'info@glamourcr.com', N'2278-1038', N'Salón de belleza en Rohrmoser', NULL, N'Brillo y sofisticación.', 1),
    (1, 2, N'Barbería El Trébol', N'barberia-trebol', N'trebol@barberiacr.com', N'2278-1039', N'Barbería en Tres Ríos', NULL, N'Corte con suerte.', 1),
    (5, 2, N'Rehabilitación Física', N'rehab-fisica', N'citas@rehabcr.com', N'2278-1040', N'Fisioterapia en Curridabat', NULL, N'Movete sin dolor.', 1),
    (3, 2, N'Spa Relax Total', N'spa-relax-total', N'hola@relaxtotal.com', N'2278-1041', N'Spa en San José centro', NULL, N'Desconectate del mundo.', 1),
    (1, 2, N'Barbería y Algo Más', N'barberia-algo-mas', N'info@algomasbarber.com', N'2278-1042', N'Barbería con café en Barrio Escalante', NULL, N'Corte, café y buena charla.', 1),
    (9, 2, N'Gimnasio Femenino Fit', N'gym-femenino-fit', N'info@gymfitwomen.com', N'2278-1043', N'Gimnasio solo para mujeres', NULL, N'Tu espacio, tu ritmo.', 1),
    (8, 2, N'Odontología Especializada', N'odonto-especializada', N'citas@odontoespecial.com', N'2278-1044', N'Ortodoncia y estética dental', NULL, N'Tu mejor sonrisa.', 1),
    (10, 2, N'Terapia Ocupacional CR', N'terapia-ocupacional', N'info@tocupacional.com', N'2278-1045', N'Terapia ocupacional en Heredia', NULL, N'Independencia y bienestar.', 1),
    (1, 2, N'Barbería El Parque', N'barberia-parque', N'parque@barberiacr.com', N'2278-1046', N'Barbería frente al Parque Central', NULL, N'Corte al paso.', 1),
    (7, 2, N'Centro Estético Divine', N'divine-estetica', N'info@divinecr.com', N'2278-1047', N'Estética de lujo en Escazú', NULL, N'Tratame como una diva.', 1),
    (4, 2, N'Veterinaria 24 Horas', N'vet-24-horas', N'emergencias@vetcr.com', N'2278-1048', N'Veterinaria de emergencia en San José', NULL, N'Siempre para tu mascota.', 1),
    (2, 2, N'Salón Linda', N'salon-linda', N'hola@lindasalona.com', N'2278-1049', N'Salón de belleza en Desamparados', NULL, N'Linda por dentro y por fuera.', 1),
    (8, 2, N'Clínica Dental Premium', N'dental-premium', N'citas@dentalpremium.com', N'2278-1050', N'Clínica dental en Santa Ana', NULL, N'Odontología de primera.', 1);
PRINT '[03-seed-data] tabla dominios ... OK';
GO

INSERT INTO duenos_de_dominios (dominio_id, nombre, apellido_1, apellido_2, correo, contrasena_encriptada, telefono, activo) VALUES
    (1, N'Martín', N'Quesada', N'Arias', N'martin.quesada@email.com', N'$2b$12$6B3wIs./ish6IGqLCScHCet1uryH9qoa9WPGGqEzBVa47GL7kJHPe', N'8877-1001', 1),
    (2, N'Sofía', N'Camacho', N'Vindas', N'sofia.camacho@email.com', N'$2b$12$6B3wIs./ish6IGqLCScHCet1uryH9qoa9WPGGqEzBVa47GL7kJHPe', N'8877-1002', 1),
    (3, N'Andrés', N'Ramírez', NULL, N'andres.ramirez@email.com', N'$2b$12$6B3wIs./ish6IGqLCScHCet1uryH9qoa9WPGGqEzBVa47GL7kJHPe', N'8877-1003', 1),
    (4, N'Gabriela', N'Umaña', N'Soto', N'gabriela.umana@email.com', N'$2b$12$6B3wIs./ish6IGqLCScHCet1uryH9qoa9WPGGqEzBVa47GL7kJHPe', N'8877-1004', 1),
    (5, N'Esteban', N'Chacón', NULL, N'esteban.chacon@email.com', N'$2b$12$6B3wIs./ish6IGqLCScHCet1uryH9qoa9WPGGqEzBVa47GL7kJHPe', N'8877-1005', 1),
    (6, N'Daniela', N'Castillo', N'Mora', N'daniela.castillo@email.com', N'$2b$12$6B3wIs./ish6IGqLCScHCet1uryH9qoa9WPGGqEzBVa47GL7kJHPe', N'8877-1006', 1),
    (7, N'Pablo', N'Jiménez', NULL, N'pablo.jimenez@email.com', N'$2b$12$6B3wIs./ish6IGqLCScHCet1uryH9qoa9WPGGqEzBVa47GL7kJHPe', N'8877-1007', 1),
    (8, N'Valeria', N'Serrano', N'Campos', N'valeria.serrano@email.com', N'$2b$12$6B3wIs./ish6IGqLCScHCet1uryH9qoa9WPGGqEzBVa47GL7kJHPe', N'8877-1008', 1),
    (9, N'Santiago', N'Víquez', NULL, N'santiago.viquez@email.com', N'$2b$12$6B3wIs./ish6IGqLCScHCet1uryH9qoa9WPGGqEzBVa47GL7kJHPe', N'8877-1009', 1),
    (10, N'Camila', N'Delgado', N'Pineda', N'camila.delgado@email.com', N'$2b$12$6B3wIs./ish6IGqLCScHCet1uryH9qoa9WPGGqEzBVa47GL7kJHPe', N'8877-1010', 1),
    (11, N'Felipe', N'Rojas', NULL, N'felipe.rojas@email.com', N'$2b$12$6B3wIs./ish6IGqLCScHCet1uryH9qoa9WPGGqEzBVa47GL7kJHPe', N'8877-1011', 1),
    (12, N'Mariana', N'Porras', N'Salas', N'mariana.porras@email.com', N'$2b$12$6B3wIs./ish6IGqLCScHCet1uryH9qoa9WPGGqEzBVa47GL7kJHPe', N'8877-1012', 1),
    (13, N'Javier', N'Cortés', NULL, N'javier.cortes@email.com', N'$2b$12$6B3wIs./ish6IGqLCScHCet1uryH9qoa9WPGGqEzBVa47GL7kJHPe', N'8877-1013', 1),
    (14, N'Paula', N'Navarro', N'Brenes', N'paula.navarro@email.com', N'$2b$12$6B3wIs./ish6IGqLCScHCet1uryH9qoa9WPGGqEzBVa47GL7kJHPe', N'8877-1014', 1),
    (15, N'Diego', N'Masís', NULL, N'diego.masis@email.com', N'$2b$12$6B3wIs./ish6IGqLCScHCet1uryH9qoa9WPGGqEzBVa47GL7kJHPe', N'8877-1015', 1),
    (16, N'Andrea', N'Vega', N'Solano', N'andrea.vega@email.com', N'$2b$12$6B3wIs./ish6IGqLCScHCet1uryH9qoa9WPGGqEzBVa47GL7kJHPe', N'8877-1016', 1),
    (17, N'Cristian', N'Herrera', NULL, N'cristian.herrera@email.com', N'$2b$12$6B3wIs./ish6IGqLCScHCet1uryH9qoa9WPGGqEzBVa47GL7kJHPe', N'8877-1017', 1),
    (18, N'Renata', N'Aguilar', N'Chinchilla', N'renata.aguilar@email.com', N'$2b$12$6B3wIs./ish6IGqLCScHCet1uryH9qoa9WPGGqEzBVa47GL7kJHPe', N'8877-1018', 1),
    (19, N'Manuel', N'Guerrero', NULL, N'manuel.guerrero@email.com', N'$2b$12$6B3wIs./ish6IGqLCScHCet1uryH9qoa9WPGGqEzBVa47GL7kJHPe', N'8877-1019', 1),
    (20, N'Fernanda', N'Arce', N'Villalobos', N'fernanda.arce@email.com', N'$2b$12$6B3wIs./ish6IGqLCScHCet1uryH9qoa9WPGGqEzBVa47GL7kJHPe', N'8877-1020', 1),
    (21, N'Kevin', N'Arce', NULL, N'kevin.arce@email.com', N'$2b$12$6B3wIs./ish6IGqLCScHCet1uryH9qoa9WPGGqEzBVa47GL7kJHPe', N'8877-1021', 1),
    (22, N'Priscilla', N'Sandí', N'Rojas', N'priscilla.sandi@email.com', N'$2b$12$6B3wIs./ish6IGqLCScHCet1uryH9qoa9WPGGqEzBVa47GL7kJHPe', N'8877-1022', 1),
    (23, N'Marcela', N'Granados', NULL, N'marcela.granados@email.com', N'$2b$12$6B3wIs./ish6IGqLCScHCet1uryH9qoa9WPGGqEzBVa47GL7kJHPe', N'8877-1023', 1),
    (24, N'Fabián', N'Obando', N'Espinoza', N'fabian.obando@email.com', N'$2b$12$6B3wIs./ish6IGqLCScHCet1uryH9qoa9WPGGqEzBVa47GL7kJHPe', N'8877-1024', 1),
    (25, N'Tatiana', N'Marín', NULL, N'tatiana.marin@email.com', N'$2b$12$6B3wIs./ish6IGqLCScHCet1uryH9qoa9WPGGqEzBVa47GL7kJHPe', N'8877-1025', 1),
    (26, N'Bryan', N'Zamora', N'Quirós', N'bryan.zamora@email.com', N'$2b$12$6B3wIs./ish6IGqLCScHCet1uryH9qoa9WPGGqEzBVa47GL7kJHPe', N'8877-1026', 1),
    (27, N'Hillary', N'Segura', NULL, N'hillary.segura@email.com', N'$2b$12$6B3wIs./ish6IGqLCScHCet1uryH9qoa9WPGGqEzBVa47GL7kJHPe', N'8877-1027', 1),
    (28, N'Geovanny', N'Araya', N'Fonseca', N'geovanny.araya@email.com', N'$2b$12$6B3wIs./ish6IGqLCScHCet1uryH9qoa9WPGGqEzBVa47GL7kJHPe', N'8877-1028', 1),
    (29, N'Melany', N'Bogarín', NULL, N'melany.bogarin@email.com', N'$2b$12$6B3wIs./ish6IGqLCScHCet1uryH9qoa9WPGGqEzBVa47GL7kJHPe', N'8877-1029', 1),
    (30, N'Warner', N'Ulloa', N'Barrantes', N'warner.ulloa@email.com', N'$2b$12$6B3wIs./ish6IGqLCScHCet1uryH9qoa9WPGGqEzBVa47GL7kJHPe', N'8877-1030', 1),
    (31, N'Rebeca', N'Salazar', NULL, N'rebeca.salazar@email.com', N'$2b$12$6B3wIs./ish6IGqLCScHCet1uryH9qoa9WPGGqEzBVa47GL7kJHPe', N'8877-1031', 1),
    (32, N'Allan', N'Quesada', N'Madrigal', N'allan.quesada@email.com', N'$2b$12$6B3wIs./ish6IGqLCScHCet1uryH9qoa9WPGGqEzBVa47GL7kJHPe', N'8877-1032', 1),
    (33, N'Kendall', N'Rodríguez', NULL, N'kendall.rodriguez@email.com', N'$2b$12$6B3wIs./ish6IGqLCScHCet1uryH9qoa9WPGGqEzBVa47GL7kJHPe', N'8877-1033', 1),
    (34, N'Fiorella', N'Campos', N'Alpízar', N'fiorella.campos@email.com', N'$2b$12$6B3wIs./ish6IGqLCScHCet1uryH9qoa9WPGGqEzBVa47GL7kJHPe', N'8877-1034', 1),
    (35, N'Sharon', N'Calvo', NULL, N'sharon.calvo@email.com', N'$2b$12$6B3wIs./ish6IGqLCScHCet1uryH9qoa9WPGGqEzBVa47GL7kJHPe', N'8877-1035', 1),
    (36, N'Yoselyn', N'Murillo', N'Gamboa', N'yoselyn.murillo@email.com', N'$2b$12$6B3wIs./ish6IGqLCScHCet1uryH9qoa9WPGGqEzBVa47GL7kJHPe', N'8877-1036', 1),
    (37, N'Joseph', N'Arias', NULL, N'joseph.arias@email.com', N'$2b$12$6B3wIs./ish6IGqLCScHCet1uryH9qoa9WPGGqEzBVa47GL7kJHPe', N'8877-1037', 1),
    (38, N'Luis Diego', N'Solís', N'Carvajal', N'luisdiego.solis@email.com', N'$2b$12$6B3wIs./ish6IGqLCScHCet1uryH9qoa9WPGGqEzBVa47GL7kJHPe', N'8877-1038', 1),
    (39, N'María Fernanda', N'Mora', NULL, N'mafe.mora@email.com', N'$2b$12$6B3wIs./ish6IGqLCScHCet1uryH9qoa9WPGGqEzBVa47GL7kJHPe', N'8877-1039', 1),
    (40, N'Andrés', N'Fallas', N'Hidalgo', N'andres.fallas@email.com', N'$2b$12$6B3wIs./ish6IGqLCScHCet1uryH9qoa9WPGGqEzBVa47GL7kJHPe', N'8877-1040', 1),
    (41, N'Valeria', N'Matamoros', NULL, N'valeria.matamoros@email.com', N'$2b$12$6B3wIs./ish6IGqLCScHCet1uryH9qoa9WPGGqEzBVa47GL7kJHPe', N'8877-1041', 1),
    (42, N'Mario', N'Zúñiga', N'Céspedes', N'mario.zuniga@email.com', N'$2b$12$6B3wIs./ish6IGqLCScHCet1uryH9qoa9WPGGqEzBVa47GL7kJHPe', N'8877-1042', 1),
    (43, N'Alejandra', N'Corrales', NULL, N'alejandra.corrales@email.com', N'$2b$12$6B3wIs./ish6IGqLCScHCet1uryH9qoa9WPGGqEzBVa47GL7kJHPe', N'8877-1043', 1),
    (44, N'Juan Pablo', N'Mena', N'Argüello', N'jpablo.mena@email.com', N'$2b$12$6B3wIs./ish6IGqLCScHCet1uryH9qoa9WPGGqEzBVa47GL7kJHPe', N'8877-1044', 1),
    (45, N'Karina', N'Rímolo', NULL, N'karina.rimolo@email.com', N'$2b$12$6B3wIs./ish6IGqLCScHCet1uryH9qoa9WPGGqEzBVa47GL7kJHPe', N'8877-1045', 1),
    (46, N'Óscar', N'Bermúdez', N'Sibaja', N'oscar.bermudez@email.com', N'$2b$12$6B3wIs./ish6IGqLCScHCet1uryH9qoa9WPGGqEzBVa47GL7kJHPe', N'8877-1046', 1),
    (47, N'Paola', N'Carranza', NULL, N'paola.carranza@email.com', N'$2b$12$6B3wIs./ish6IGqLCScHCet1uryH9qoa9WPGGqEzBVa47GL7kJHPe', N'8877-1047', 1),
    (48, N'Randall', N'Segura', N'Montero', N'randall.segura@email.com', N'$2b$12$6B3wIs./ish6IGqLCScHCet1uryH9qoa9WPGGqEzBVa47GL7kJHPe', N'8877-1048', 1),
    (49, N'Adriana', N'Ramírez', NULL, N'adriana.ramirez@email.com', N'$2b$12$6B3wIs./ish6IGqLCScHCet1uryH9qoa9WPGGqEzBVa47GL7kJHPe', N'8877-1049', 1),
    (50, N'Melissa', N'Cerdas', N'Loría', N'melissa.cerdas@email.com', N'$2b$12$6B3wIs./ish6IGqLCScHCet1uryH9qoa9WPGGqEzBVa47GL7kJHPe', N'8877-1050', 1);
PRINT '[03-seed-data] tabla duenos_de_dominios ... OK';
GO

INSERT INTO clientes (dominio_id, nombre, apellido_1, apellido_2, correo, telefono, notas) VALUES
    (1, N'Juan', N'Vargas', N'Mora', N'juan.vargas@email.com', N'8877-3001', N'Cliente frecuente - prefiere sábados'),
    (2, N'María', N'Cordero', NULL, N'maria.cordero@email.com', N'8877-3002', NULL),
    (3, N'Carlos', N'Monge', N'Salas', N'carlos.monge@email.com', N'8877-3003', N'Alérgico a fragancias fuertes'),
    (4, N'Ana', N'Chaves', NULL, N'ana.chaves@email.com', N'8877-3004', N'Prefiere atención con la misma estilista'),
    (5, N'Pedro', N'Rivera', N'Solís', N'pedro.rivera@email.com', N'8877-3005', NULL),
    (6, N'Laura', N'Guillén', NULL, N'laura.guillen@email.com', N'8877-3006', N'Cliente desde 2024'),
    (7, N'José', N'Pérez', N'Brenes', N'jose.perez@email.com', N'8877-3007', NULL),
    (8, N'Sofía', N'Álvarez', NULL, N'sofia.alvarez@email.com', N'8877-3008', N'Recomendó a 3 amigas'),
    (9, N'Miguel', N'Reyes', N'Castro', N'miguel.reyes@email.com', N'8877-3009', N'Le pagan con SINPE - dejar nota'),
    (10, N'Carmen', N'Morales', NULL, N'carmen.morales@email.com', N'8877-3010', NULL),
    (11, N'Luis', N'Torres', N'Jiménez', N'luis.torres@email.com', N'8877-3011', N'Siempre pide el mismo barbero'),
    (12, N'Valentina', N'Castro', NULL, N'valentina.castro@email.com', N'8877-3012', N'Llega con su perro - permitir'),
    (13, N'Andrés', N'Ortiz', N'Vega', N'andres.ortiz@email.com', N'8877-3013', NULL),
    (14, N'Isabella', N'Vargas', NULL, N'isabella.vargas@email.com', N'8877-3014', N'Estudiante - descuento de jueves'),
    (15, N'Diego', N'Ruiz', N'Alfaro', N'diego.ruiz@email.com', N'8877-3015', NULL),
    (16, N'Camila', N'Medina', NULL, N'camila.medina@email.com', N'8877-3016', N'Prefiere WhatsApp para recordatorios'),
    (17, N'Santiago', N'Delgado', N'Pacheco', N'santiago.delgado@email.com', N'8877-3017', NULL),
    (18, N'Luciana', N'Rojas', NULL, N'luciana.rojas@email.com', N'8877-3018', N'Compra siempre el paquete completo'),
    (19, N'Manuel', N'Silva', N'Araya', N'manuel.silva@email.com', N'8877-3019', N'Le gusta pagar en efectivo'),
    (20, N'Gabriela', N'Peña', NULL, N'gabriela.pena@email.com', N'8877-3020', NULL),
    (21, N'Alejandro', N'Campos', N'Ulate', N'alejandro.campos@email.com', N'8877-3021', N'Atleta - masajes descontracturantes'),
    (22, N'Mariana', N'Flores', NULL, N'mariana.flores@email.com', N'8877-3022', N'Lleva a sus 2 hijos también'),
    (23, N'Francisco', N'Aguilar', N'Venegas', N'francisco.aguilar@email.com', N'8877-3023', NULL),
    (24, N'Antonella', N'Guzmán', NULL, N'antonella.guzman@email.com', N'8877-3024', N'Celiaca - importante en notas'),
    (25, N'Ricardo', N'Mendoza', N'Salazar', N'ricardo.mendoza@email.com', N'8877-3025', NULL),
    (26, N'Josefina', N'Cruz', NULL, N'josefina.cruz@email.com', N'8877-3026', N'Vive en Grecia - prefiere tardes'),
    (27, N'Eduardo', N'Soto', N'Marín', N'eduardo.soto@email.com', N'8877-3027', NULL),
    (28, N'Ximena', N'Pacheco', NULL, N'ximena.pacheco@email.com', N'8877-3028', N'Luna de miel - dar trato especial'),
    (29, N'Roberto', N'Navarro', N'Umaña', N'roberto.navarro@email.com', N'8877-3029', N'Veterano - descuento adulto mayor'),
    (30, N'Fernanda', N'Vera', NULL, N'fernanda.vera@email.com', N'8877-3030', N'Embarazada - masajes prenatal'),
    (31, N'Kevin', N'Arce', N'Chacón', N'kevin.arce@email.com', N'8877-3031', NULL),
    (32, N'Priscilla', N'Sandí', NULL, N'priscilla.sandi@email.com', N'8877-3032', N'Viene todos los viernes'),
    (33, N'Esteban', N'Cordero', N'Vílchez', N'esteban.cordero@email.com', N'8877-3033', N'Paga con tarjeta siempre'),
    (34, N'Marcela', N'Granados', NULL, N'marcela.granados@email.com', N'8877-3034', N'Compra productos también'),
    (35, N'Fabián', N'Obando', N'Rojas', N'fabian.obando@email.com', N'8877-3035', NULL),
    (36, N'Rebeca', N'Salazar', NULL, N'rebeca.salazar@email.com', N'8877-3036', N'Cliente referido por Sofía'),
    (37, N'Allan', N'Quesada', N'Herrera', N'allan.quesada@email.com', N'8877-3037', N'Llega después de las 4pm'),
    (38, N'Tatiana', N'Marín', NULL, N'tatiana.marin@email.com', N'8877-3038', N'Le gusta pagar en efectivo'),
    (39, N'Bryan', N'Zamora', N'Picado', N'bryan.zamora@email.com', N'8877-3039', NULL),
    (40, N'Hillary', N'Segura', NULL, N'hillary.segura@email.com', N'8877-3040', N'Siempre llega puntual'),
    (41, N'Geovanny', N'Araya', N'Cascante', N'geovanny.araya@email.com', N'8877-3041', NULL),
    (42, N'Melany', N'Bogarín', NULL, N'melany.bogarin@email.com', N'8877-3042', N'Pide cita con la misma persona'),
    (43, N'Warner', N'Ulloa', N'Sequeira', N'warner.ulloa@email.com', N'8877-3043', N'Prefiere los lunes'),
    (44, N'Fiorella', N'Campos', NULL, N'fiorella.campos@email.com', N'8877-3044', NULL),
    (45, N'Kendall', N'Rodríguez', N'Zeledón', N'kendall.rodriguez@email.com', N'8877-3045', N'Viene con su mamá'),
    (46, N'Sharon', N'Calvo', NULL, N'sharon.calvo@email.com', N'8877-3046', N'Estudiante universitario'),
    (47, N'Yoselyn', N'Murillo', N'Esquivel', N'yoselyn.murillo@email.com', N'8877-3047', N'Pide recordatorio por SMS'),
    (48, N'Joseph', N'Arias', NULL, N'joseph.arias@email.com', N'8877-3048', N'Referido por la clínica'),
    (49, N'Luis Diego', N'Solís', N'Monge', N'luisdiego.solis@email.com', N'8877-3049', NULL),
    (50, N'Mónica', N'Aguilar', NULL, N'monica.aguilar@email.com', N'8877-3050', N'Cliente nueva - dar bienvenida');
PRINT '[03-seed-data] tabla clientes ... OK';
GO

INSERT INTO categorias_servicios (dominio_id, nombre, descripcion, activo) VALUES
    (1, N'Cortes', N'Categoría de Cortes', 1),
    (2, N'Tintura', N'Categoría de Tintura', 1),
    (3, N'Masajes', N'Categoría de Masajes', 1),
    (4, N'Consultas', N'Categoría de Consultas', 1),
    (5, N'Estética facial', N'Categoría de Estética facial', 1),
    (6, N'Pediatría', N'Categoría de Pediatría', 1),
    (7, N'Limpieza', N'Categoría de Limpieza', 1),
    (8, N'Odontología', N'Categoría de Odontología', 1),
    (9, N'Fitness', N'Categoría de Fitness', 1),
    (10, N'Terapias', N'Categoría de Terapias', 1),
    (11, N'Uñas', N'Categoría de Uñas', 1),
    (12, N'Depilación', N'Categoría de Depilación', 1),
    (13, N'Revisiones', N'Categoría de Revisiones', 1),
    (14, N'Pack pareja', N'Categoría de Pack pareja', 1),
    (15, N'Promociones', N'Categoría de Promociones', 1),
    (16, N'Barbería', N'Categoría de Barbería', 1),
    (17, N'Maquillaje', N'Categoría de Maquillaje', 1),
    (18, N'Spa', N'Categoría de Spa', 1),
    (19, N'Quiropráctica', N'Categoría de Quiropráctica', 1),
    (20, N'Nutrición', N'Categoría de Nutrición', 1),
    (21, N'Acupuntura', N'Categoría de Acupuntura', 1),
    (22, N'Fisioterapia', N'Categoría de Fisioterapia', 1),
    (23, N'Odontopediatría', N'Categoría de Odontopediatría', 1),
    (24, N'Veterinaria', N'Categoría de Veterinaria', 1),
    (25, N'Estética avanzada', N'Categoría de Estética avanzada', 1),
    (26, N'Cuidado capilar', N'Categoría de Cuidado capilar', 1),
    (27, N'Depilación láser', N'Categoría de Depilación láser', 1),
    (28, N'Bienestar', N'Categoría de Bienestar', 1),
    (29, N'Yoga', N'Categoría de Yoga', 1),
    (30, N'Pilates', N'Categoría de Pilates', 1),
    (31, N'Kinesiología', N'Categoría de Kinesiología', 1),
    (32, N'Reflexología', N'Categoría de Reflexología', 1),
    (33, N'Aromaterapia', N'Categoría de Aromaterapia', 1),
    (34, N'Hidroterapia', N'Categoría de Hidroterapia', 1),
    (35, N'Fitoterapia', N'Categoría de Fitoterapia', 1),
    (36, N'Radiestesia', N'Categoría de Radiestesia', 1),
    (37, N'Reiki', N'Categoría de Reiki', 1),
    (38, N'Medicina general', N'Categoría de Medicina general', 1),
    (39, N'Pedagogía', N'Categoría de Pedagogía', 1),
    (40, N'Logopedia', N'Categoría de Logopedia', 1),
    (41, N'Dermatología', N'Categoría de Dermatología', 1),
    (42, N'Tricología', N'Categoría de Tricología', 1),
    (43, N'Ortodoncia', N'Categoría de Ortodoncia', 1),
    (44, N'Blanqueamiento', N'Categoría de Blanqueamiento', 1),
    (45, N'Cirugía oral', N'Categoría de Cirugía oral', 1),
    (46, N'Periodoncia', N'Categoría de Periodoncia', 1),
    (47, N'Endodoncia', N'Categoría de Endodoncia', 1),
    (48, N'Implantes', N'Categoría de Implantes', 1),
    (49, N'Radiografía', N'Categoría de Radiografía', 1),
    (50, N'Odontología general', N'Categoría de Odontología general', 1);
PRINT '[03-seed-data] tabla categorias_servicios ... OK';
GO

INSERT INTO servicios (dominio_id, categoria_id, nombre, descripcion, duracion_minutos, precio, mostrar_precio, activo) VALUES
    (1, 1, N'Corte de cabello hombre', N'Servicio de Corte de cabello hombre', 30, 6000.00, 1, 1),
    (2, 2, N'Corte de cabello mujer', N'Servicio de Corte de cabello mujer', 45, 9000.00, 1, 1),
    (3, 3, N'Afeitado tradicional', N'Servicio de Afeitado tradicional', 20, 5000.00, 1, 1),
    (4, 4, N'Lavado y peinado', N'Servicio de Lavado y peinado', 25, 7000.00, 1, 1),
    (5, 5, N'Tinte completo', N'Servicio de Tinte completo', 90, 35000.00, 1, 1),
    (6, 6, N'Manicure clásico', N'Servicio de Manicure clásico', 40, 12000.00, 1, 1),
    (7, 7, N'Pedicure spa', N'Servicio de Pedicure spa', 50, 15000.00, 1, 1),
    (8, 8, N'Masaje relajante', N'Servicio de Masaje relajante', 60, 25000.00, 1, 1),
    (9, 9, N'Masaje descontracturante', N'Servicio de Masaje descontracturante', 45, 30000.00, 1, 1),
    (10, 10, N'Consulta general', N'Servicio de Consulta general', 30, 20000.00, 1, 1),
    (11, 11, N'Baño y corte mascota', N'Servicio de Baño y corte mascota', 50, 15000.00, 1, 1),
    (12, 12, N'Corte mascota raza pequeña', N'Servicio de Corte mascota raza pequeña', 30, 10000.00, 1, 1),
    (13, 13, N'Limpieza facial profunda', N'Servicio de Limpieza facial profunda', 45, 22000.00, 1, 1),
    (14, 14, N'Depilación con cera', N'Servicio de Depilación con cera', 30, 10000.00, 1, 1),
    (15, 15, N'Revisión dental', N'Servicio de Revisión dental', 20, 15000.00, 1, 1),
    (16, 16, N'Limpieza dental', N'Servicio de Limpieza dental', 40, 30000.00, 1, 1),
    (17, 17, N'Sesión de gym dirigida', N'Servicio de Sesión de gym dirigida', 60, 8000.00, 1, 1),
    (18, 18, N'Terapia de relajación', N'Servicio de Terapia de relajación', 50, 20000.00, 1, 1),
    (19, 19, N'Pack novia completo', N'Servicio de Pack novia completo', 150, 75000.00, 1, 1),
    (20, 20, N'Corte y barba combo', N'Servicio de Corte y barba combo', 40, 10000.00, 1, 1),
    (21, 21, N'Peinado para fiestas', N'Servicio de Peinado para fiestas', 60, 18000.00, 1, 1),
    (22, 22, N'Tinte con mechas', N'Servicio de Tinte con mechas', 120, 45000.00, 1, 1),
    (23, 23, N'Masaje con piedras calientes', N'Servicio de Masaje con piedras calientes', 75, 35000.00, 1, 1),
    (24, 24, N'Consulta veterinaria general', N'Servicio de Consulta veterinaria general', 30, 18000.00, 1, 1),
    (25, 25, N'Vacunación de mascotas', N'Servicio de Vacunación de mascotas', 20, 12000.00, 1, 1),
    (26, 26, N'Corte mascota raza grande', N'Servicio de Corte mascota raza grande', 60, 20000.00, 1, 1),
    (27, 27, N'Exfoliación corporal', N'Servicio de Exfoliación corporal', 50, 25000.00, 1, 1),
    (28, 28, N'Mascarilla facial', N'Servicio de Mascarilla facial', 30, 15000.00, 1, 1),
    (29, 29, N'Radiofrecuencia facial', N'Servicio de Radiofrecuencia facial', 60, 40000.00, 1, 1),
    (30, 30, N'Depilación láser axilas', N'Servicio de Depilación láser axilas', 30, 25000.00, 1, 1),
    (31, 31, N'Ortodoncia inicial', N'Servicio de Ortodoncia inicial', 45, 35000.00, 1, 1),
    (32, 32, N'Blanqueamiento dental', N'Servicio de Blanqueamiento dental', 90, 60000.00, 1, 1),
    (33, 33, N'Rutina de pesas guiada', N'Servicio de Rutina de pesas guiada', 60, 10000.00, 1, 1),
    (34, 34, N'Yoga grupal', N'Servicio de Yoga grupal', 60, 8000.00, 1, 1),
    (35, 35, N'Spinning', N'Servicio de Spinning', 45, 7000.00, 1, 1),
    (36, 36, N'Terapia psicológica', N'Servicio de Terapia psicológica', 50, 30000.00, 1, 1),
    (37, 37, N'Evaluación nutricional', N'Servicio de Evaluación nutricional', 40, 22000.00, 1, 1),
    (38, 38, N'Acupuntura', N'Servicio de Acupuntura', 45, 20000.00, 1, 1),
    (39, 39, N'Reflexología', N'Servicio de Reflexología', 50, 18000.00, 1, 1),
    (40, 40, N'Maquillaje profesional', N'Servicio de Maquillaje profesional', 90, 35000.00, 1, 1),
    (41, 41, N'Extensiones de pestañas', N'Servicio de Extensiones de pestañas', 60, 25000.00, 1, 1),
    (42, 42, N'Uñas acrílicas', N'Servicio de Uñas acrílicas', 75, 20000.00, 1, 1),
    (43, 43, N'Gelish', N'Servicio de Gelish', 45, 12000.00, 1, 1),
    (44, 44, N'Corte y diseño de cejas', N'Servicio de Corte y diseño de cejas', 20, 5000.00, 1, 1),
    (45, 45, N'Tratamiento capilar', N'Servicio de Tratamiento capilar', 60, 30000.00, 1, 1),
    (46, 46, N'Alisado permanente', N'Servicio de Alisado permanente', 120, 55000.00, 1, 1),
    (47, 47, N'Hidratación facial', N'Servicio de Hidratación facial', 45, 20000.00, 1, 1),
    (48, 48, N'Consulta dermatológica', N'Servicio de Consulta dermatológica', 30, 25000.00, 1, 1),
    (49, 49, N'Limpieza de cutis', N'Servicio de Limpieza de cutis', 50, 28000.00, 1, 1),
    (50, 50, N'Pack spa pareja', N'Servicio de Pack spa pareja', 120, 60000.00, 1, 1);
PRINT '[03-seed-data] tabla servicios ... OK';
GO

INSERT INTO localidades (dominio_id, nombre, direccion, telefono, principal, activo) VALUES
    (1, N'Sede Central', N'Del Banco Nacional 100 m sur, San Pedro', N'2256-0501', 1, 1),
    (2, N'Sucursal Escazú', N'Frente a Multiplaza Escazú, local 5', N'2256-0502', 1, 1),
    (3, N'Santa Ana', N'Contiguo al Palí de Santa Ana', N'2256-0503', 1, 1),
    (4, N'Moravia', N'300 m norte de la iglesia de Moravia', N'2256-0504', 1, 1),
    (5, N'Desamparados', N'Costado sur del parque de Desamparados', N'2256-0505', 1, 1),
    (6, N'Rohrmoser', N'Del Automercado 200 m oeste', N'2256-0506', 1, 1),
    (7, N'Curridabat', N'Plaza del Sol, local 12', N'2256-0507', 1, 1),
    (8, N'Alajuela Central', N'50 m este de la Catedral, Alajuela', N'2256-0508', 1, 1),
    (9, N'Heredia', N'Frente al Fortín, Heredia centro', N'2256-0509', 1, 1),
    (10, N'Cartago', N'100 m norte de las Ruinas, Cartago', N'2256-0510', 1, 1),
    (11, N'Guadalupe', N'Del antiguo Palí 150 m norte', N'2256-0511', 1, 1),
    (12, N'San José centro', N'Avenida Central, calle 9', N'2256-0512', 1, 1),
    (13, N'Barrio Escalante', N'Calle 33, contiguo a la soda', N'2256-0513', 1, 1),
    (14, N'Tibás', N'200 m sur del Mall San Pedro', N'2256-0514', 1, 1),
    (15, N'Hatillo', N'Frente al parque de Hatillo 3', N'2256-0515', 1, 1),
    (16, N'Santa Ana Centro', N'50 m este de la iglesia', N'2256-0516', 1, 1),
    (17, N'San José Centro', N'Calle 2, avenida 6', N'2256-0517', 1, 1),
    (18, N'Rohrmoser II', N'200 m norte del Colegio de Abogados', N'2256-0518', 1, 1),
    (19, N'Pérez Zeledón', N'100 m sur del Banco Popular', N'2256-0519', 1, 1),
    (20, N'La Sabana', N'Frente al Parque Metropolitano', N'2256-0520', 1, 1),
    (21, N'Zapote', N'Del cementerio 50 m norte', N'2256-0521', 1, 1),
    (22, N'Tibás Norte', N'200 m oeste de la escuela', N'2256-0522', 1, 1),
    (23, N'Heredia Montaña', N'Carretera a San Rafael 1 km', N'2256-0523', 1, 1),
    (24, N'Curridabat Este', N'Condominio Los Pinos, casa 8', N'2256-0524', 1, 1),
    (25, N'Dos Ríos', N'Del Ebáis 150 m sur', N'2256-0525', 1, 1),
    (26, N'Sabana Sur', N'Edificio Medical, piso 4', N'2256-0526', 1, 1),
    (27, N'Barrio Amón', N'Casa amarilla esquinera', N'2256-0527', 1, 1),
    (28, N'Moravia Norte', N'Contiguo a la bomba', N'2256-0528', 1, 1),
    (29, N'San Pedro', N'Del parque 100 m este', N'2256-0529', 1, 1),
    (30, N'Heredia Centro', N'Contiguo al Banco Nacional', N'2256-0530', 1, 1),
    (31, N'Alajuela centro', N'50 m oeste del parque', N'2256-0531', 1, 1),
    (32, N'Escazú Este', N'Plaza Itskatzú, local 3', N'2256-0532', 1, 1),
    (33, N'Guanacaste', N'Playa Hermosa, contiguo al hotel', N'2256-0533', 1, 1),
    (34, N'Alajuela Oeste', N'200 m sur de la gasolinera', N'2256-0534', 1, 1),
    (35, N'Santo Domingo', N'Frente a la iglesia católica', N'2256-0535', 1, 1),
    (36, N'San José Centro', N'Calle 11, avenida 3', N'2256-0536', 1, 1),
    (37, N'Pérez Zeledón Sur', N'200 m sur del hospital', N'2256-0537', 1, 1),
    (38, N'Rohrmoser Centro', N'Plaza Rohrmoser, local 7', N'2256-0538', 1, 1),
    (39, N'Tres Ríos', N'Del palí 100 m este', N'2256-0539', 1, 1),
    (40, N'Curridabat Oeste', N'Detrás del periódico La Nación', N'2256-0540', 1, 1),
    (41, N'San José Central', N'Calle 5, contiguo al Teatro', N'2256-0541', 1, 1),
    (42, N'Barrio Escalante 2', N'Calle 37, casa blanca esquina', N'2256-0542', 1, 1),
    (43, N'San José Mujeres', N'Barrio La California, local 9', N'2256-0543', 1, 1),
    (44, N'Santa Ana Este', N'Plaza Santa Ana, piso 2', N'2256-0544', 1, 1),
    (45, N'Heredia Oeste', N'Del parque 300 m oeste', N'2256-0545', 1, 1),
    (46, N'San José Centro', N'Calle 1, frente al parque', N'2256-0546', 1, 1),
    (47, N'Escazú Lujo', N'Multiplaza Escazú, local 20', N'2256-0547', 1, 1),
    (48, N'San José 24H', N'Calle 14, contiguo a la Clínica', N'2256-0548', 1, 1),
    (49, N'Desamparados Sur', N'100 m sur del mercado', N'2256-0549', 1, 1),
    (50, N'Santa Ana Centro', N'Contiguo al BAC San José', N'2256-0550', 1, 1);
PRINT '[03-seed-data] tabla localidades ... OK';
GO

INSERT INTO horarios (dominio_id, localidad_id, dia_semana, hora_apertura, hora_cerrado, cerrado) VALUES
    (1, 1, 0, NULL, NULL, 1),
    (2, 2, 1, '13:00', '18:00', 0),
    (3, 3, 2, '08:00', '17:00', 0),
    (4, 4, 3, '07:00', '12:00', 0),
    (5, 5, 4, '13:00', '18:00', 0),
    (6, 6, 5, '08:00', '17:00', 0),
    (7, 7, 6, '07:00', '12:00', 0),
    (8, 8, 0, NULL, NULL, 1),
    (9, 9, 1, '08:00', '17:00', 0),
    (10, 10, 2, '07:00', '12:00', 0),
    (11, 11, 3, '13:00', '18:00', 0),
    (12, 12, 4, '08:00', '17:00', 0),
    (13, 13, 5, '07:00', '12:00', 0),
    (14, 14, 6, '13:00', '18:00', 0),
    (15, 15, 0, NULL, NULL, 1),
    (16, 16, 1, '07:00', '12:00', 0),
    (17, 17, 2, '13:00', '18:00', 0),
    (18, 18, 3, '08:00', '17:00', 0),
    (19, 19, 4, '07:00', '12:00', 0),
    (20, 20, 5, '13:00', '18:00', 0),
    (21, 21, 6, '08:00', '17:00', 0),
    (22, 22, 0, NULL, NULL, 1),
    (23, 23, 1, '13:00', '18:00', 0),
    (24, 24, 2, '08:00', '17:00', 0),
    (25, 25, 3, '07:00', '12:00', 0),
    (26, 26, 4, '13:00', '18:00', 0),
    (27, 27, 5, '08:00', '17:00', 0),
    (28, 28, 6, '07:00', '12:00', 0),
    (29, 29, 0, NULL, NULL, 1),
    (30, 30, 1, '08:00', '17:00', 0),
    (31, 31, 2, '07:00', '12:00', 0),
    (32, 32, 3, '13:00', '18:00', 0),
    (33, 33, 4, '08:00', '17:00', 0),
    (34, 34, 5, '07:00', '12:00', 0),
    (35, 35, 6, '13:00', '18:00', 0),
    (36, 36, 0, NULL, NULL, 1),
    (37, 37, 1, '07:00', '12:00', 0),
    (38, 38, 2, '13:00', '18:00', 0),
    (39, 39, 3, '08:00', '17:00', 0),
    (40, 40, 4, '07:00', '12:00', 0),
    (41, 41, 5, '13:00', '18:00', 0),
    (42, 42, 6, '08:00', '17:00', 0),
    (43, 43, 0, NULL, NULL, 1),
    (44, 44, 1, '13:00', '18:00', 0),
    (45, 45, 2, '08:00', '17:00', 0),
    (46, 46, 3, '07:00', '12:00', 0),
    (47, 47, 4, '13:00', '18:00', 0),
    (48, 48, 5, '08:00', '17:00', 0),
    (49, 49, 6, '07:00', '12:00', 0),
    (50, 50, 0, NULL, NULL, 1);
PRINT '[03-seed-data] tabla horarios ... OK';
GO

INSERT INTO bloques_de_disponibilidad (dominio_id, localidad_id, fecha_de_bloque, fecha_inicio, fecha_final, activo) VALUES
    (1, 1, '2026-07-02', '2026-07-02T08:00:00', '2026-07-02T08:30:00', 1),
    (2, 2, '2026-07-03', '2026-07-03T09:30:00', '2026-07-03T10:15:00', 1),
    (3, 3, '2026-07-04', '2026-07-04T10:00:00', '2026-07-04T10:20:00', 1),
    (4, 4, '2026-07-05', '2026-07-05T11:30:00', '2026-07-05T11:55:00', 1),
    (5, 5, '2026-07-06', '2026-07-06T12:00:00', '2026-07-06T13:30:00', 1),
    (6, 6, '2026-07-07', '2026-07-07T13:30:00', '2026-07-07T14:10:00', 1),
    (7, 7, '2026-07-08', '2026-07-08T14:00:00', '2026-07-08T14:50:00', 1),
    (8, 8, '2026-07-09', '2026-07-09T15:30:00', '2026-07-09T16:30:00', 1),
    (9, 9, '2026-07-10', '2026-07-10T08:00:00', '2026-07-10T08:45:00', 1),
    (10, 10, '2026-07-11', '2026-07-11T09:30:00', '2026-07-11T10:00:00', 1),
    (11, 11, '2026-07-12', '2026-07-12T10:00:00', '2026-07-12T10:50:00', 1),
    (12, 12, '2026-07-13', '2026-07-13T11:30:00', '2026-07-13T12:00:00', 1),
    (13, 13, '2026-07-14', '2026-07-14T12:00:00', '2026-07-14T12:45:00', 1),
    (14, 14, '2026-07-15', '2026-07-15T13:30:00', '2026-07-15T14:00:00', 1),
    (15, 15, '2026-07-02', '2026-07-02T14:00:00', '2026-07-02T14:20:00', 1),
    (16, 16, '2026-07-03', '2026-07-03T15:30:00', '2026-07-03T16:10:00', 1),
    (17, 17, '2026-07-04', '2026-07-04T08:00:00', '2026-07-04T09:00:00', 1),
    (18, 18, '2026-07-05', '2026-07-05T09:30:00', '2026-07-05T10:20:00', 1),
    (19, 19, '2026-07-06', '2026-07-06T10:00:00', '2026-07-06T12:30:00', 1),
    (20, 20, '2026-07-07', '2026-07-07T11:30:00', '2026-07-07T12:10:00', 1),
    (21, 21, '2026-07-08', '2026-07-08T12:00:00', '2026-07-08T13:00:00', 1),
    (22, 22, '2026-07-09', '2026-07-09T13:30:00', '2026-07-09T15:30:00', 1),
    (23, 23, '2026-07-10', '2026-07-10T14:00:00', '2026-07-10T15:15:00', 1),
    (24, 24, '2026-07-11', '2026-07-11T15:30:00', '2026-07-11T16:00:00', 1),
    (25, 25, '2026-07-12', '2026-07-12T08:00:00', '2026-07-12T08:20:00', 1),
    (26, 26, '2026-07-13', '2026-07-13T09:30:00', '2026-07-13T10:30:00', 1),
    (27, 27, '2026-07-14', '2026-07-14T10:00:00', '2026-07-14T10:50:00', 1),
    (28, 28, '2026-07-15', '2026-07-15T11:30:00', '2026-07-15T12:00:00', 1),
    (29, 29, '2026-07-02', '2026-07-02T12:00:00', '2026-07-02T13:00:00', 1),
    (30, 30, '2026-07-03', '2026-07-03T13:30:00', '2026-07-03T14:00:00', 1),
    (31, 31, '2026-07-04', '2026-07-04T14:00:00', '2026-07-04T14:45:00', 1),
    (32, 32, '2026-07-05', '2026-07-05T15:30:00', '2026-07-05T17:00:00', 1),
    (33, 33, '2026-07-06', '2026-07-06T08:00:00', '2026-07-06T09:00:00', 1),
    (34, 34, '2026-07-07', '2026-07-07T09:30:00', '2026-07-07T10:30:00', 1),
    (35, 35, '2026-07-08', '2026-07-08T10:00:00', '2026-07-08T10:45:00', 1),
    (36, 36, '2026-07-09', '2026-07-09T11:30:00', '2026-07-09T12:20:00', 1),
    (37, 37, '2026-07-10', '2026-07-10T12:00:00', '2026-07-10T12:40:00', 1),
    (38, 38, '2026-07-11', '2026-07-11T13:30:00', '2026-07-11T14:15:00', 1),
    (39, 39, '2026-07-12', '2026-07-12T14:00:00', '2026-07-12T14:50:00', 1),
    (40, 40, '2026-07-13', '2026-07-13T15:30:00', '2026-07-13T17:00:00', 1),
    (41, 41, '2026-07-14', '2026-07-14T08:00:00', '2026-07-14T09:00:00', 1),
    (42, 42, '2026-07-15', '2026-07-15T09:30:00', '2026-07-15T10:45:00', 1),
    (43, 43, '2026-07-02', '2026-07-02T10:00:00', '2026-07-02T10:45:00', 1),
    (44, 44, '2026-07-03', '2026-07-03T11:30:00', '2026-07-03T11:50:00', 1),
    (45, 45, '2026-07-04', '2026-07-04T12:00:00', '2026-07-04T13:00:00', 1),
    (46, 46, '2026-07-05', '2026-07-05T13:30:00', '2026-07-05T15:30:00', 1),
    (47, 47, '2026-07-06', '2026-07-06T14:00:00', '2026-07-06T14:45:00', 1),
    (48, 48, '2026-07-07', '2026-07-07T15:30:00', '2026-07-07T16:00:00', 1),
    (49, 49, '2026-07-08', '2026-07-08T08:00:00', '2026-07-08T08:50:00', 1),
    (50, 50, '2026-07-09', '2026-07-09T09:30:00', '2026-07-09T11:30:00', 1);
PRINT '[03-seed-data] tabla bloques_de_disponibilidad ... OK';
GO

INSERT INTO reservaciones (dominio_id, cliente_id, servicio_id, localidad_id, bloque_disponibilidad_id, estado_reservacion_id, fecha_inicio, fecha_final, nota_cliente, nota_interna) VALUES
    (1, 1, 1, 1, 1, 1, '2026-07-02T08:00:00', '2026-07-02T08:30:00', N'Prefiero en la mañana', NULL),
    (2, 2, 2, 2, 2, 2, '2026-07-03T09:30:00', '2026-07-03T10:15:00', N'Antes del mediodía por favor', NULL),
    (3, 3, 3, 3, NULL, 3, '2026-07-04T10:00:00', '2026-07-04T10:20:00', N'En la tarde después de las 2', NULL),
    (4, 4, 4, 4, 4, 4, '2026-07-05T11:30:00', '2026-07-05T11:55:00', N'Sin preferencia de horario', NULL),
    (5, 5, 5, 5, 5, 5, '2026-07-06T12:00:00', '2026-07-06T13:30:00', N'Llamar antes de confirmar', NULL),
    (6, 6, 6, 6, 6, 1, '2026-07-07T13:30:00', '2026-07-07T14:10:00', N'Que no sea muy temprano', NULL),
    (7, 7, 7, 7, 7, 2, '2026-07-08T14:00:00', '2026-07-08T14:50:00', N'Prefiero en la mañana', N'Cliente frecuente, dar seguimiento'),
    (8, 8, 8, 8, NULL, 3, '2026-07-09T15:30:00', '2026-07-09T16:30:00', N'Antes del mediodía por favor', NULL),
    (9, 9, 9, 9, 9, 4, '2026-07-10T08:00:00', '2026-07-10T08:45:00', N'En la tarde después de las 2', NULL),
    (10, 10, 10, 10, 10, 5, '2026-07-11T09:30:00', '2026-07-11T10:00:00', N'Sin preferencia de horario', NULL),
    (11, 11, 11, 11, 11, 1, '2026-07-12T10:00:00', '2026-07-12T10:50:00', N'Llamar antes de confirmar', NULL),
    (12, 12, 12, 12, 12, 2, '2026-07-13T11:30:00', '2026-07-13T12:00:00', N'Que no sea muy temprano', NULL),
    (13, 13, 13, 13, NULL, 3, '2026-07-14T12:00:00', '2026-07-14T12:45:00', N'Prefiero en la mañana', NULL),
    (14, 14, 14, 14, 14, 4, '2026-07-15T13:30:00', '2026-07-15T14:00:00', N'Antes del mediodía por favor', N'Cliente frecuente, dar seguimiento'),
    (15, 15, 15, 15, 15, 5, '2026-07-02T14:00:00', '2026-07-02T14:20:00', N'En la tarde después de las 2', NULL),
    (16, 16, 16, 16, 16, 1, '2026-07-03T15:30:00', '2026-07-03T16:10:00', N'Sin preferencia de horario', NULL),
    (17, 17, 17, 17, 17, 2, '2026-07-04T08:00:00', '2026-07-04T09:00:00', N'Llamar antes de confirmar', NULL),
    (18, 18, 18, 18, NULL, 3, '2026-07-05T09:30:00', '2026-07-05T10:20:00', N'Que no sea muy temprano', NULL),
    (19, 19, 19, 19, 19, 4, '2026-07-06T10:00:00', '2026-07-06T12:30:00', N'Prefiero en la mañana', NULL),
    (20, 20, 20, 20, 20, 5, '2026-07-07T11:30:00', '2026-07-07T12:10:00', N'Antes del mediodía por favor', NULL),
    (21, 21, 21, 21, 21, 1, '2026-07-08T12:00:00', '2026-07-08T13:00:00', N'En la tarde después de las 2', N'Cliente frecuente, dar seguimiento'),
    (22, 22, 22, 22, 22, 2, '2026-07-09T13:30:00', '2026-07-09T15:30:00', N'Sin preferencia de horario', NULL),
    (23, 23, 23, 23, NULL, 3, '2026-07-10T14:00:00', '2026-07-10T15:15:00', N'Llamar antes de confirmar', NULL),
    (24, 24, 24, 24, 24, 4, '2026-07-11T15:30:00', '2026-07-11T16:00:00', N'Que no sea muy temprano', NULL),
    (25, 25, 25, 25, 25, 5, '2026-07-12T08:00:00', '2026-07-12T08:20:00', N'Prefiero en la mañana', NULL),
    (26, 26, 26, 26, 26, 1, '2026-07-13T09:30:00', '2026-07-13T10:30:00', N'Antes del mediodía por favor', NULL),
    (27, 27, 27, 27, 27, 2, '2026-07-14T10:00:00', '2026-07-14T10:50:00', N'En la tarde después de las 2', NULL),
    (28, 28, 28, 28, NULL, 3, '2026-07-15T11:30:00', '2026-07-15T12:00:00', N'Sin preferencia de horario', N'Cliente frecuente, dar seguimiento'),
    (29, 29, 29, 29, 29, 4, '2026-07-02T12:00:00', '2026-07-02T13:00:00', N'Llamar antes de confirmar', NULL),
    (30, 30, 30, 30, 30, 5, '2026-07-03T13:30:00', '2026-07-03T14:00:00', N'Que no sea muy temprano', NULL),
    (31, 31, 31, 31, 31, 1, '2026-07-04T14:00:00', '2026-07-04T14:45:00', N'Prefiero en la mañana', NULL),
    (32, 32, 32, 32, 32, 2, '2026-07-05T15:30:00', '2026-07-05T17:00:00', N'Antes del mediodía por favor', NULL),
    (33, 33, 33, 33, NULL, 3, '2026-07-06T08:00:00', '2026-07-06T09:00:00', N'En la tarde después de las 2', NULL),
    (34, 34, 34, 34, 34, 4, '2026-07-07T09:30:00', '2026-07-07T10:30:00', N'Sin preferencia de horario', NULL),
    (35, 35, 35, 35, 35, 5, '2026-07-08T10:00:00', '2026-07-08T10:45:00', N'Llamar antes de confirmar', N'Cliente frecuente, dar seguimiento'),
    (36, 36, 36, 36, 36, 1, '2026-07-09T11:30:00', '2026-07-09T12:20:00', N'Que no sea muy temprano', NULL),
    (37, 37, 37, 37, 37, 2, '2026-07-10T12:00:00', '2026-07-10T12:40:00', N'Prefiero en la mañana', NULL),
    (38, 38, 38, 38, NULL, 3, '2026-07-11T13:30:00', '2026-07-11T14:15:00', N'Antes del mediodía por favor', NULL),
    (39, 39, 39, 39, 39, 4, '2026-07-12T14:00:00', '2026-07-12T14:50:00', N'En la tarde después de las 2', NULL),
    (40, 40, 40, 40, 40, 5, '2026-07-13T15:30:00', '2026-07-13T17:00:00', N'Sin preferencia de horario', NULL),
    (41, 41, 41, 41, 41, 1, '2026-07-14T08:00:00', '2026-07-14T09:00:00', N'Llamar antes de confirmar', NULL),
    (42, 42, 42, 42, 42, 2, '2026-07-15T09:30:00', '2026-07-15T10:45:00', N'Que no sea muy temprano', N'Cliente frecuente, dar seguimiento'),
    (43, 43, 43, 43, NULL, 3, '2026-07-02T10:00:00', '2026-07-02T10:45:00', N'Prefiero en la mañana', NULL),
    (44, 44, 44, 44, 44, 4, '2026-07-03T11:30:00', '2026-07-03T11:50:00', N'Antes del mediodía por favor', NULL),
    (45, 45, 45, 45, 45, 5, '2026-07-04T12:00:00', '2026-07-04T13:00:00', N'En la tarde después de las 2', NULL),
    (46, 46, 46, 46, 46, 1, '2026-07-05T13:30:00', '2026-07-05T15:30:00', N'Sin preferencia de horario', NULL),
    (47, 47, 47, 47, 47, 2, '2026-07-06T14:00:00', '2026-07-06T14:45:00', N'Llamar antes de confirmar', NULL),
    (48, 48, 48, 48, NULL, 3, '2026-07-07T15:30:00', '2026-07-07T16:00:00', N'Que no sea muy temprano', NULL),
    (49, 49, 49, 49, 49, 4, '2026-07-08T08:00:00', '2026-07-08T08:50:00', N'Prefiero en la mañana', N'Cliente frecuente, dar seguimiento'),
    (50, 50, 50, 50, 50, 5, '2026-07-09T09:30:00', '2026-07-09T11:30:00', N'Antes del mediodía por favor', NULL);
PRINT '[03-seed-data] tabla reservaciones ... OK';
GO

INSERT INTO codigos_de_rastreos (reserva_id, codigo_rastreo, expira_en, activo) VALUES
    (1, N'MBM-FMT01', '2026-08-01T08:00:00', 1),
    (2, N'MBM-LYL02', '2026-08-02T09:30:00', 1),
    (3, N'MBM-RKD03', '2026-08-03T10:00:00', 1),
    (4, N'MBM-WWW04', '2026-08-04T11:30:00', 1),
    (5, N'MBM-BHP05', '2026-08-05T12:00:00', 1),
    (6, N'MBM-GUG06', '2026-08-06T13:30:00', 1),
    (7, N'MBM-MFZ07', '2026-08-07T14:00:00', 1),
    (8, N'MBM-SSS08', '2026-08-08T15:30:00', 1),
    (9, N'MBM-XDK09', '2026-08-09T08:00:00', 1),
    (10, N'MBM-CQC10', '2026-08-10T09:30:00', 1),
    (11, N'MBM-HBV11', '2026-08-11T10:00:00', 1),
    (12, N'MBM-NNN12', '2026-08-12T11:30:00', 1),
    (13, N'MBM-TZF13', '2026-08-13T12:00:00', 1),
    (14, N'MBM-YLY14', '2026-08-14T13:30:00', 1),
    (15, N'MBM-DXR15', '2026-08-01T14:00:00', 1),
    (16, N'MBM-JJJ16', '2026-08-02T15:30:00', 1),
    (17, N'MBM-PVB17', '2026-08-03T08:00:00', 1),
    (18, N'MBM-UGU18', '2026-08-04T09:30:00', 1),
    (19, N'MBM-ZTM19', '2026-08-05T10:00:00', 1),
    (20, N'MBM-EEE20', '2026-08-06T11:30:00', 1),
    (21, N'MBM-KRX21', '2026-08-07T12:00:00', 1),
    (22, N'MBM-QCQ22', '2026-08-08T13:30:00', 1),
    (23, N'MBM-VPH23', '2026-08-09T14:00:00', 1),
    (24, N'MBM-AAA24', '2026-08-10T15:30:00', 1),
    (25, N'MBM-FMT25', '2026-08-11T08:00:00', 1),
    (26, N'MBM-LYL26', '2026-08-12T09:30:00', 1),
    (27, N'MBM-RKD27', '2026-08-13T10:00:00', 1),
    (28, N'MBM-WWW28', '2026-08-14T11:30:00', 1),
    (29, N'MBM-BHP29', '2026-08-01T12:00:00', 1),
    (30, N'MBM-GUG30', '2026-08-02T13:30:00', 1),
    (31, N'MBM-MFZ31', '2026-08-03T14:00:00', 1),
    (32, N'MBM-SSS32', '2026-08-04T15:30:00', 1),
    (33, N'MBM-XDK33', '2026-08-05T08:00:00', 1),
    (34, N'MBM-CQC34', '2026-08-06T09:30:00', 1),
    (35, N'MBM-HBV35', '2026-08-07T10:00:00', 1),
    (36, N'MBM-NNN36', '2026-08-08T11:30:00', 1),
    (37, N'MBM-TZF37', '2026-08-09T12:00:00', 1),
    (38, N'MBM-YLY38', '2026-08-10T13:30:00', 1),
    (39, N'MBM-DXR39', '2026-08-11T14:00:00', 1),
    (40, N'MBM-JJJ40', '2026-08-12T15:30:00', 1),
    (41, N'MBM-PVB41', '2026-08-13T08:00:00', 1),
    (42, N'MBM-UGU42', '2026-08-14T09:30:00', 1),
    (43, N'MBM-ZTM43', '2026-08-01T10:00:00', 1),
    (44, N'MBM-EEE44', '2026-08-02T11:30:00', 1),
    (45, N'MBM-KRX45', '2026-08-03T12:00:00', 1),
    (46, N'MBM-QCQ46', '2026-08-04T13:30:00', 1),
    (47, N'MBM-VPH47', '2026-08-05T14:00:00', 1),
    (48, N'MBM-AAA48', '2026-08-06T15:30:00', 1),
    (49, N'MBM-FMT49', '2026-08-07T08:00:00', 1),
    (50, N'MBM-LYL50', '2026-08-08T09:30:00', 1);
PRINT '[03-seed-data] tabla codigos_de_rastreos ... OK';
GO

INSERT INTO registros (dominio_id, dueno_id, superadmin_id, accion, nombre_entidad, entidad_id, valor_anterior, nuevo_valor) VALUES
    (1, 1, NULL, N'dominio_creado', N'dominios', 1, NULL, N'Negocio creado: Barbería El Colocho'),
    (2, 2, NULL, N'dominio_creado', N'dominios', 2, NULL, N'Negocio creado: Salón Elegance'),
    (3, 3, NULL, N'dominio_creado', N'dominios', 3, NULL, N'Negocio creado: Spa La Garita'),
    (4, 4, NULL, N'dominio_creado', N'dominios', 4, NULL, N'Negocio creado: Veterinaria San Jorge'),
    (5, 5, NULL, N'dominio_creado', N'dominios', 5, NULL, N'Negocio creado: Clínica Santa Catalina'),
    (6, 6, NULL, N'dominio_creado', N'dominios', 6, NULL, N'Negocio creado: Consultorio Dra. Solís'),
    (7, 7, NULL, N'dominio_creado', N'dominios', 7, NULL, N'Negocio creado: Centro Estético Glow'),
    (8, 8, NULL, N'dominio_creado', N'dominios', 8, NULL, N'Negocio creado: Odontoclínica del Valle'),
    (9, 9, NULL, N'dominio_creado', N'dominios', 9, NULL, N'Negocio creado: Fit Gym Centro'),
    (10, 10, NULL, N'dominio_creado', N'dominios', 10, NULL, N'Negocio creado: Terapias Holísticas CR'),
    (11, 11, NULL, N'dominio_creado', N'dominios', 11, NULL, N'Negocio creado: Barbería Don Chepe'),
    (12, 12, NULL, N'dominio_creado', N'dominios', 12, NULL, N'Negocio creado: Salón Divino'),
    (13, 13, NULL, N'dominio_creado', N'dominios', 13, NULL, N'Negocio creado: Spa Pura Vida'),
    (14, 14, NULL, N'dominio_creado', N'dominios', 14, NULL, N'Negocio creado: Veterinaria Huellitas'),
    (15, 15, NULL, N'dominio_creado', N'dominios', 15, NULL, N'Negocio creado: Barbería King'),
    (16, 16, NULL, N'dominio_creado', N'dominios', 16, NULL, N'Negocio creado: Salón Santa Ana'),
    (17, 17, NULL, N'dominio_creado', N'dominios', 17, NULL, N'Negocio creado: Clínica Médica Central'),
    (18, 18, NULL, N'dominio_creado', N'dominios', 18, NULL, N'Negocio creado: Psicología Integral'),
    (19, 19, NULL, N'dominio_creado', N'dominios', 19, NULL, N'Negocio creado: CrossFit Pérez Zeledón'),
    (20, 20, NULL, N'dominio_creado', N'dominios', 20, NULL, N'Negocio creado: Spa La Sabana'),
    (21, 21, NULL, N'dominio_creado', N'dominios', 21, NULL, N'Negocio creado: Barbería El Rubio'),
    (22, 22, NULL, N'dominio_creado', N'dominios', 22, NULL, N'Negocio creado: Salón Mary'),
    (23, 23, NULL, N'dominio_creado', N'dominios', 23, NULL, N'Negocio creado: Spa Montaña Azul'),
    (24, 24, NULL, N'dominio_creado', N'dominios', 24, NULL, N'Negocio creado: Estética Karina'),
    (25, 25, NULL, N'dominio_creado', N'dominios', 25, NULL, N'Negocio creado: Barbería Los Amigos'),
    (26, 26, NULL, N'dominio_creado', N'dominios', 26, NULL, N'Negocio creado: Clínica Dental San José'),
    (27, 27, NULL, N'dominio_creado', N'dominios', 27, NULL, N'Negocio creado: Centro de Masajes Zen'),
    (28, 28, NULL, N'dominio_creado', N'dominios', 28, NULL, N'Negocio creado: Peluquería Canina CR'),
    (29, 29, NULL, N'dominio_creado', N'dominios', 29, NULL, N'Negocio creado: Gimnasio BodyFit'),
    (30, 30, NULL, N'dominio_creado', N'dominios', 30, NULL, N'Negocio creado: Nutrición Vida'),
    (31, 31, NULL, N'dominio_creado', N'dominios', 31, NULL, N'Negocio creado: Barbería El Peluquero'),
    (32, 32, NULL, N'dominio_creado', N'dominios', 32, NULL, N'Negocio creado: Uñas Perfectas'),
    (33, 33, NULL, N'dominio_creado', N'dominios', 33, NULL, N'Negocio creado: Spa Tropical'),
    (34, 34, NULL, N'dominio_creado', N'dominios', 34, NULL, N'Negocio creado: Veterinaria Mascotas Felices'),
    (35, 35, NULL, N'dominio_creado', N'dominios', 35, NULL, N'Negocio creado: Barbería Estilo'),
    (36, 36, NULL, N'dominio_creado', N'dominios', 36, NULL, N'Negocio creado: Centro de Acupuntura'),
    (37, 37, NULL, N'dominio_creado', N'dominios', 37, NULL, N'Negocio creado: Veterinaria del Sur'),
    (38, 38, NULL, N'dominio_creado', N'dominios', 38, NULL, N'Negocio creado: Salón Glamour'),
    (39, 39, NULL, N'dominio_creado', N'dominios', 39, NULL, N'Negocio creado: Barbería El Trébol'),
    (40, 40, NULL, N'dominio_creado', N'dominios', 40, NULL, N'Negocio creado: Rehabilitación Física'),
    (41, 41, NULL, N'dominio_creado', N'dominios', 41, NULL, N'Negocio creado: Spa Relax Total'),
    (42, 42, NULL, N'dominio_creado', N'dominios', 42, NULL, N'Negocio creado: Barbería y Algo Más'),
    (43, 43, NULL, N'dominio_creado', N'dominios', 43, NULL, N'Negocio creado: Gimnasio Femenino Fit'),
    (44, 44, NULL, N'dominio_creado', N'dominios', 44, NULL, N'Negocio creado: Odontología Especializada'),
    (45, 45, NULL, N'dominio_creado', N'dominios', 45, NULL, N'Negocio creado: Terapia Ocupacional CR'),
    (46, 46, NULL, N'dominio_creado', N'dominios', 46, NULL, N'Negocio creado: Barbería El Parque'),
    (47, 47, NULL, N'dominio_creado', N'dominios', 47, NULL, N'Negocio creado: Centro Estético Divine'),
    (48, 48, NULL, N'dominio_creado', N'dominios', 48, NULL, N'Negocio creado: Veterinaria 24 Horas'),
    (49, 49, NULL, N'dominio_creado', N'dominios', 49, NULL, N'Negocio creado: Salón Linda'),
    (50, 50, NULL, N'dominio_creado', N'dominios', 50, NULL, N'Negocio creado: Clínica Dental Premium');
PRINT '[03-seed-data] tabla registros ... OK';
GO

PRINT '[03-seed-data] 15/15 tablas pobladas';
GO
